Name, Theo_Area, Wet_Area, Theo_Vol, Wet_Vol
Tail,341.803063,341.803063,108.382740,108.382740
Tail,341.803063,341.803063,108.382740,108.382740
Totals,683.606127,683.606127,216.765480,216.765480

Tag_Name, Tag_Theo_Area, Tag_Wet_Area
Tail_S_Surf0,276.734902,276.734902
Tail_S_Surf1,276.734902,276.734902
Tail_S_Surf0,ruddervator,65.068161,65.068161
Tail_S_Surf1,ruddervator,65.068161,65.068161

SS_Name, SS_Theo_Area, SS_Wet_Area
Tail,ruddervator,130.136322,130.136322
