Name, Theo_Area, Wet_Area, Theo_Vol, Wet_Vol
MeshGeom,7810.994754,7808.837916,10564.049057,10562.539537
MeshGeom,790.359752,790.359752,834.417978,834.417978
Totals,8601.354506,8599.197668,11398.467035,11396.957518
